X,Y,Longitud,Latitud,id,fecha,año,area_ha,origen,antecedent
2577032.16590877,3968251.57375,-67.81318710901103,-54.42358854788548,7,1 Diciembre,2022,6587,Condiciones climáticas,Informe Tecnico Incendio Corazón de la Isla_ Diciembre 2022
2573851.59609921,3970994.04370729,-67.8628602099789,-54.3994272848672,7,1 Diciembre,2022,6587,Condiciones climáticas,Informe Tecnico Incendio Corazón de la Isla_ Diciembre 2022
2572116.38431843,3968118.06237432,-67.88887441037119,-54.42550797773092,7,1 Diciembre,2022,6587,Condiciones climáticas,Informe Tecnico Incendio Corazón de la Isla_ Diciembre 2022
2573130.60764212,3968162.04625673,-67.87326203514289,-54.42496819775982,7,1 Diciembre,2022,6587,Condiciones climáticas,Informe Tecnico Incendio Corazón de la Isla_ Diciembre 2022
2572963.51125266,3968688.83272203,-67.87596546590383,-54.420260605554965,7,1 Diciembre,2022,6587,Condiciones climáticas,Informe Tecnico Incendio Corazón de la Isla_ Diciembre 2022
2573511.31601505,3970668.04993263,-67.86801795325621,-54.40240456465394,7,1 Diciembre,2022,6587,Condiciones climáticas,Informe Tecnico Incendio Corazón de la Isla_ Diciembre 2022
2575823.30558564,3967662.08052112,-67.83165673431924,-54.42906478100441,7,1 Diciembre,2022,6587,Condiciones climáticas,Informe Tecnico Incendio Corazón de la Isla_ Diciembre 2022
2577133.75332958,3966157.61945733,-67.81107786284325,-54.442380511953104,7,1 Diciembre,2022,6587,Condiciones climáticas,Informe Tecnico Incendio Corazón de la Isla_ Diciembre 2022
2576690.68733653,3966374.99367649,-67.81796179400574,-54.44049510753834,7,1 Diciembre,2022,6587,Condiciones climáticas,Informe Tecnico Incendio Corazón de la Isla_ Diciembre 2022
2576267.72588536,3966551.20652783,-67.82452472450129,-54.438975995479694,7,1 Diciembre,2022,6587,Condiciones climáticas,Informe Tecnico Incendio Corazón de la Isla_ Diciembre 2022
2576135.01672671,3966634.55044294,-67.82659102543738,-54.43824729780058,7,1 Diciembre,2022,6587,Condiciones climáticas,Informe Tecnico Incendio Corazón de la Isla_ Diciembre 2022
2576061.12135216,3967446.44692996,-67.82793785468081,-54.43096606884388,7,1 Diciembre,2022,6587,Condiciones climáticas,Informe Tecnico Incendio Corazón de la Isla_ Diciembre 2022
2575873.87162744,3967880.86417315,-67.8309336982292,-54.42709217154318,7,1 Diciembre,2022,6587,Condiciones climáticas,Informe Tecnico Incendio Corazón de la Isla_ Diciembre 2022
2576153.64545767,3968035.44729355,-67.82666360617743,-54.425661950540395,7,1 Diciembre,2022,6587,Condiciones climáticas,Informe Tecnico Incendio Corazón de la Isla_ Diciembre 2022
2576187.61728114,3969446.99989351,-67.8265025482924,-54.41297857372986,7,1 Diciembre,2022,6587,Condiciones climáticas,Informe Tecnico Incendio Corazón de la Isla_ Diciembre 2022
2576058.22415485,3969597.41922283,-67.8285336133836,-54.41164687755672,7,1 Diciembre,2022,6587,Condiciones climáticas,Informe Tecnico Incendio Corazón de la Isla_ Diciembre 2022
2575926.48953724,3970209.42262993,-67.8307185699018,-54.40616962235972,7,1 Diciembre,2022,6587,Condiciones climáticas,Informe Tecnico Incendio Corazón de la Isla_ Diciembre 2022
2576676.07786246,3970482.51727248,-67.81924794943596,-54.40360444444314,7,1 Diciembre,2022,6587,Condiciones climáticas,Informe Tecnico Incendio Corazón de la Isla_ Diciembre 2022
2576281.12579085,3972509.81818764,-67.82584859303155,-54.385454848571406,7,1 Diciembre,2022,6587,Condiciones climáticas,Informe Tecnico Incendio Corazón de la Isla_ Diciembre 2022
2576163.79028742,3972998.63686997,-67.82777937992076,-54.381081891551545,7,1 Diciembre,2022,6587,Condiciones climáticas,Informe Tecnico Incendio Corazón de la Isla_ Diciembre 2022
2578056.44696072,3965530.47506974,-67.79669397915005,-54.44787255916921,7,1 Diciembre,2022,6587,Condiciones climáticas,Informe Tecnico Incendio Corazón de la Isla_ Diciembre 2022
2577782.12874017,3965785.00740083,-67.80098859640854,-54.44562846139307,7,1 Diciembre,2022,6587,Condiciones climáticas,Informe Tecnico Incendio Corazón de la Isla_ Diciembre 2022
2577380.72628142,3966043.99926872,-67.80724233354815,-54.443363503451856,7,1 Diciembre,2022,6587,Condiciones climáticas,Informe Tecnico Incendio Corazón de la Isla_ Diciembre 2022
2581105.52150807,3963143.16199393,-67.74904835418252,-54.46883705932738,7,1 Diciembre,2022,6587,Condiciones climáticas,Informe Tecnico Incendio Corazón de la Isla_ Diciembre 2022
2578649.74603657,3964892.07348638,-67.78738058557293,-54.453515036803886,7,1 Diciembre,2022,6587,Condiciones climáticas,Informe Tecnico Incendio Corazón de la Isla_ Diciembre 2022
2578561.03394785,3965010.56778421,-67.78877942748883,-54.45246447938364,7,1 Diciembre,2022,6587,Condiciones climáticas,Informe Tecnico Incendio Corazón de la Isla_ Diciembre 2022
2578724.32450572,3965040.73772989,-67.7862705250028,-54.45216824837685,7,1 Diciembre,2022,6587,Condiciones climáticas,Informe Tecnico Incendio Corazón de la Isla_ Diciembre 2022
2578510.6281773,3965122.48675625,-67.7895860260362,-54.4514670492779,7,1 Diciembre,2022,6587,Condiciones climáticas,Informe Tecnico Incendio Corazón de la Isla_ Diciembre 2022
2579193.42831806,3967816.26161726,-67.77978123868203,-54.42716669432929,7,1 Diciembre,2022,6587,Condiciones climáticas,Informe Tecnico Incendio Corazón de la Isla_ Diciembre 2022
2578433.54113818,3969251.94785425,-67.79186607103215,-54.4143894801288,7,1 Diciembre,2022,6587,Condiciones climáticas,Informe Tecnico Incendio Corazón de la Isla_ Diciembre 2022
2579753.71585828,3963200.00003331,-67.7699082151449,-54.46854052658289,7,1 Diciembre,2022,6587,Condiciones climáticas,Informe Tecnico Incendio Corazón de la Isla_ Diciembre 2022
2579554.80667223,3963839.76380824,-67.77314725843888,-54.46282562739786,7,1 Diciembre,2022,6587,Condiciones climáticas,Informe Tecnico Incendio Corazón de la Isla_ Diciembre 2022
2579379.68807422,3963927.38783231,-67.77587065262287,-54.4620660051574,7,1 Diciembre,2022,6587,Condiciones climáticas,Informe Tecnico Incendio Corazón de la Isla_ Diciembre 2022
2579425.57138149,3964134.50989049,-67.77521881013696,-54.46019855482462,7,1 Diciembre,2022,6587,Condiciones climáticas,Informe Tecnico Incendio Corazón de la Isla_ Diciembre 2022
2579592.89075791,3967747.29976506,-67.7736093501089,-54.42772376785219,7,1 Diciembre,2022,6587,Condiciones climáticas,Informe Tecnico Incendio Corazón de la Isla_ Diciembre 2022
2579623.44208412,3969840.0143579,-67.77369995292172,-54.40892299164329,7,1 Diciembre,2022,6587,Condiciones climáticas,Informe Tecnico Incendio Corazón de la Isla_ Diciembre 2022
2580208.33690932,3969749.93897102,-67.76466983596191,-54.409640232185914,7,1 Diciembre,2022,6587,Condiciones climáticas,Informe Tecnico Incendio Corazón de la Isla_ Diciembre 2022
2580102.64007252,3969789.05309299,-67.76630785641267,-54.409305560099774,7,1 Diciembre,2022,6587,Condiciones climáticas,Informe Tecnico Incendio Corazón de la Isla_ Diciembre 2022
2581279.31795753,3968115.95434566,-67.74773216027401,-54.42414614262954,7,1 Diciembre,2022,6587,Condiciones climáticas,Informe Tecnico Incendio Corazón de la Isla_ Diciembre 2022
2581265.869096,3968384.86667544,-67.74801293712912,-54.421733042929375,7,1 Diciembre,2022,6587,Condiciones climáticas,Informe Tecnico Incendio Corazón de la Isla_ Diciembre 2022
2581912.29920482,3961681.60312596,-67.73620351349176,-54.48183453015437,7,1 Diciembre,2022,6587,Condiciones climáticas,Informe Tecnico Incendio Corazón de la Isla_ Diciembre 2022
2588030.76413493,3963140.16646275,-67.64226616263926,-54.46771148526684,7,1 Diciembre,2022,6587,Condiciones climáticas,Informe Tecnico Incendio Corazón de la Isla_ Diciembre 2022
2581940.49292676,3961858.05282013,-67.73581752441027,-54.48024521509362,7,1 Diciembre,2022,6587,Condiciones climáticas,Informe Tecnico Incendio Corazón de la Isla_ Diciembre 2022
2581822.50958614,3965276.96802301,-67.73858218765466,-54.449557437630915,7,1 Diciembre,2022,6587,Condiciones climáticas,Informe Tecnico Incendio Corazón de la Isla_ Diciembre 2022
2582773.39579638,3960762.83872407,-67.72266439023177,-54.48994668402445,7,1 Diciembre,2022,6587,Condiciones climáticas,Informe Tecnico Incendio Corazón de la Isla_ Diciembre 2022
2583198.66102731,3962878.05754727,-67.716698626067,-54.47087967023844,7,1 Diciembre,2022,6587,Condiciones climáticas,Informe Tecnico Incendio Corazón de la Isla_ Diciembre 2022
2582825.9609358,3962932.19855244,-67.72246091896208,-54.47045429779492,7,1 Diciembre,2022,6587,Condiciones climáticas,Informe Tecnico Incendio Corazón de la Isla_ Diciembre 2022
2583255.66329678,3964856.52603617,-67.71637591105598,-54.45310097217132,7,1 Diciembre,2022,6587,Condiciones climáticas,Informe Tecnico Incendio Corazón de la Isla_ Diciembre 2022
2583314.44701078,3968387.32432316,-67.71646177517088,-54.421379801491064,7,1 Diciembre,2022,6587,Condiciones climáticas,Informe Tecnico Incendio Corazón de la Isla_ Diciembre 2022
2584036.8300538,3960413.85261431,-67.70307370577109,-54.49287349698433,7,1 Diciembre,2022,6587,Condiciones climáticas,Informe Tecnico Incendio Corazón de la Isla_ Diciembre 2022
2584015.87259036,3963148.19451976,-67.70417374950902,-54.46831901872842,7,1 Diciembre,2022,6587,Condiciones climáticas,Informe Tecnico Incendio Corazón de la Isla_ Diciembre 2022
2584034.63188163,3963365.68245426,-67.70394623807728,-54.46636258795943,7,1 Diciembre,2022,6587,Condiciones climáticas,Informe Tecnico Incendio Corazón de la Isla_ Diciembre 2022
2583739.00093319,3963421.80689251,-67.70852030013002,-54.4659073136627,7,1 Diciembre,2022,6587,Condiciones climáticas,Informe Tecnico Incendio Corazón de la Isla_ Diciembre 2022
2584311.6966279,3963457.35783696,-67.69970043624949,-54.465493333413775,7,1 Diciembre,2022,6587,Condiciones climáticas,Informe Tecnico Incendio Corazón de la Isla_ Diciembre 2022
2584420.72352892,3963628.09898513,-67.69806813280702,-54.46394175650552,7,1 Diciembre,2022,6587,Condiciones climáticas,Informe Tecnico Incendio Corazón de la Isla_ Diciembre 2022
2583478.44541811,3963681.50102332,-67.71261086220866,-54.46361777368489,7,1 Diciembre,2022,6587,Condiciones climáticas,Informe Tecnico Incendio Corazón de la Isla_ Diciembre 2022
2584341.82324968,3963736.03371203,-67.69931532694268,-54.462985460486436,7,1 Diciembre,2022,6587,Condiciones climáticas,Informe Tecnico Incendio Corazón de la Isla_ Diciembre 2022
2583590.26721685,3963824.81746726,-67.71092731044158,-54.46231221977811,7,1 Diciembre,2022,6587,Condiciones climáticas,Informe Tecnico Incendio Corazón de la Isla_ Diciembre 2022
2584082.35047429,3963843.47796341,-67.70334618131264,-54.46206345921966,7,1 Diciembre,2022,6587,Condiciones climáticas,Informe Tecnico Incendio Corazón de la Isla_ Diciembre 2022
2583618.96814165,3964914.73168481,-67.71079252402156,-54.45251858740807,7,1 Diciembre,2022,6587,Condiciones climáticas,Informe Tecnico Incendio Corazón de la Isla_ Diciembre 2022
2583435.96900188,3964991.26805143,-67.71363470345553,-54.45186124745977,7,1 Diciembre,2022,6587,Condiciones climáticas,Informe Tecnico Incendio Corazón de la Isla_ Diciembre 2022
2584508.74716066,3966017.40289853,-67.69739255576322,-54.44246803069796,7,1 Diciembre,2022,6587,Condiciones climáticas,Informe Tecnico Incendio Corazón de la Isla_ Diciembre 2022
2584337.4238061,3966129.50753617,-67.70006444901938,-54.44148961556463,7,1 Diciembre,2022,6587,Condiciones climáticas,Informe Tecnico Incendio Corazón de la Isla_ Diciembre 2022
2583637.32426007,3966785.84886582,-67.71103751980577,-54.435710354011235,7,1 Diciembre,2022,6587,Condiciones climáticas,Informe Tecnico Incendio Corazón de la Isla_ Diciembre 2022
2585967.74678762,3962207.59889873,-67.67380443379545,-54.47644025110836,7,1 Diciembre,2022,6587,Condiciones climáticas,Informe Tecnico Incendio Corazón de la Isla_ Diciembre 2022
2585316.29021469,3962279.79264633,-67.68387210336637,-54.475901685081126,7,1 Diciembre,2022,6587,Condiciones climáticas,Informe Tecnico Incendio Corazón de la Isla_ Diciembre 2022
2585386.02977332,3963368.1230941,-67.68311058607182,-54.466115411069836,7,1 Diciembre,2022,6587,Condiciones climáticas,Informe Tecnico Incendio Corazón de la Isla_ Diciembre 2022
2586001.73603747,3963546.58532413,-67.6736693406714,-54.46440878398576,7,1 Diciembre,2022,6587,Condiciones climáticas,Informe Tecnico Incendio Corazón de la Isla_ Diciembre 2022
2585307.45761721,3965109.74635533,-67.68482366773497,-54.45048662562365,7,1 Diciembre,2022,6587,Condiciones climáticas,Informe Tecnico Incendio Corazón de la Isla_ Diciembre 2022
2585975.45058442,3965484.71050976,-67.67463711282318,-54.44700647881789,7,1 Diciembre,2022,6587,Condiciones climáticas,Informe Tecnico Incendio Corazón de la Isla_ Diciembre 2022
2586336.12541668,3966469.09457361,-67.66936542531235,-54.43810439456039,7,1 Diciembre,2022,6587,Condiciones climáticas,Informe Tecnico Incendio Corazón de la Isla_ Diciembre 2022
2584766.40405431,3965928.13523074,-67.69339668256984,-54.44322689915288,7,1 Diciembre,2022,6587,Condiciones climáticas,Informe Tecnico Incendio Corazón de la Isla_ Diciembre 2022
2585385.61736784,3966245.39404633,-67.68394617756776,-54.44027393546713,7,1 Diciembre,2022,6587,Condiciones climáticas,Informe Tecnico Incendio Corazón de la Isla_ Diciembre 2022
2585061.11835194,3966365.57469392,-67.68898072332978,-54.439248920657526,7,1 Diciembre,2022,6587,Condiciones climáticas,Informe Tecnico Incendio Corazón de la Isla_ Diciembre 2022
2585472.02545065,3966453.8746309,-67.68267484850492,-54.438387000373815,7,1 Diciembre,2022,6587,Condiciones climáticas,Informe Tecnico Incendio Corazón de la Isla_ Diciembre 2022
2585601.09301655,3966533.81508542,-67.6807092730748,-54.437647331477436,7,1 Diciembre,2022,6587,Condiciones climáticas,Informe Tecnico Incendio Corazón de la Isla_ Diciembre 2022
2588090.46218563,3961150.16702508,-67.64075316675293,-54.4855734816299,7,1 Diciembre,2022,6587,Condiciones climáticas,Informe Tecnico Incendio Corazón de la Isla_ Diciembre 2022
2588277.31930419,3961211.50446143,-67.63788915261577,-54.484990160687374,7,1 Diciembre,2022,6587,Condiciones climáticas,Informe Tecnico Incendio Corazón de la Isla_ Diciembre 2022
2587528.03035436,3961751.25553514,-67.64960678274782,-54.480272292162184,7,1 Diciembre,2022,6587,Condiciones climáticas,Informe Tecnico Incendio Corazón de la Isla_ Diciembre 2022
2587432.88510231,3961907.88918169,-67.65112054306071,-54.47888193415249,7,1 Diciembre,2022,6587,Condiciones climáticas,Informe Tecnico Incendio Corazón de la Isla_ Diciembre 2022
2586835.08121457,3961942.81424911,-67.66035066908238,-54.478670809853675,7,1 Diciembre,2022,6587,Condiciones climáticas,Informe Tecnico Incendio Corazón de la Isla_ Diciembre 2022
2587073.1911709,3962008.43104758,-67.6566976568176,-54.47804073770359,7,1 Diciembre,2022,6587,Condiciones climáticas,Informe Tecnico Incendio Corazón de la Isla_ Diciembre 2022
2587297.81433334,3962100.50623006,-67.65326056377842,-54.47717524755086,7,1 Diciembre,2022,6587,Condiciones climáticas,Informe Tecnico Incendio Corazón de la Isla_ Diciembre 2022
2587075.20549626,3964375.96711724,-67.65736302325327,-54.45677719265023,7,1 Diciembre,2022,6587,Condiciones climáticas,Informe Tecnico Incendio Corazón de la Isla_ Diciembre 2022
2587052.82883001,3965050.52003412,-67.65790615951549,-54.45072274719667,7,1 Diciembre,2022,6587,Condiciones climáticas,Informe Tecnico Incendio Corazón de la Isla_ Diciembre 2022
2587245.3804845,3965511.03187878,-67.655074068016,-54.44655381065578,7,1 Diciembre,2022,6587,Condiciones climáticas,Informe Tecnico Incendio Corazón de la Isla_ Diciembre 2022
2588192.28725762,3965574.49446283,-67.64050049654581,-54.4458205245684,7,1 Diciembre,2022,6587,Condiciones climáticas,Informe Tecnico Incendio Corazón de la Isla_ Diciembre 2022
2586895.13240686,3965947.59524836,-67.66059963262383,-54.44269291228859,7,1 Diciembre,2022,6587,Condiciones climáticas,Informe Tecnico Incendio Corazón de la Isla_ Diciembre 2022
2589895.43719322,3961031.54567295,-67.61287507174747,-54.48632252327918,7,1 Diciembre,2022,6587,Condiciones climáticas,Informe Tecnico Incendio Corazón de la Isla_ Diciembre 2022
2589370.70186363,3961092.18526463,-67.62098768239278,-54.48587053546068,7,1 Diciembre,2022,6587,Condiciones climáticas,Informe Tecnico Incendio Corazón de la Isla_ Diciembre 2022
2589707.50171498,3961212.76350458,-67.61582903610201,-54.484728244159506,7,1 Diciembre,2022,6587,Condiciones climáticas,Informe Tecnico Incendio Corazón de la Isla_ Diciembre 2022
2589839.05300643,3963561.2296306,-67.614512923186,-54.46361346051677,7,1 Diciembre,2022,6587,Condiciones climáticas,Informe Tecnico Incendio Corazón de la Isla_ Diciembre 2022
2589694.81847861,3964012.98784153,-67.61687340913149,-54.45958168965789,7,1 Diciembre,2022,6587,Condiciones climáticas,Informe Tecnico Incendio Corazón de la Isla_ Diciembre 2022
2590595.38021437,3964731.37380225,-67.60321068499539,-54.45297019048283,7,1 Diciembre,2022,6587,Condiciones climáticas,Informe Tecnico Incendio Corazón de la Isla_ Diciembre 2022
2590635.14012899,3966143.71591727,-67.60302975957254,-54.44027888966605,7,1 Diciembre,2022,6587,Condiciones climáticas,Informe Tecnico Incendio Corazón de la Isla_ Diciembre 2022
2588732.90458675,3966173.51465227,-67.63234870395607,-54.44034663392271,7,1 Diciembre,2022,6587,Condiciones climáticas,Informe Tecnico Incendio Corazón de la Isla_ Diciembre 2022
2591367.41395682,3967049.99724619,-67.59202609333755,-54.43200862289672,7,1 Diciembre,2022,6587,Condiciones climáticas,Informe Tecnico Incendio Corazón de la Isla_ Diciembre 2022
2595910.8291198,3945090.55323164,-67.51489492711538,-54.628379835282196,1,25 Diciembre,1978,931,Condiciones climáticas,Sin antecedentes
2597165.87010912,3945441.22259166,-67.49558521260579,-54.62499090112403,1,25 Diciembre,1978,931,Condiciones climáticas,Sin antecedentes
2594037.58596375,3946136.95715645,-67.54422577211582,-54.619334780979806,1,25 Diciembre,1978,931,Condiciones climáticas,Sin antecedentes
2598815.99184931,3946111.50248428,-67.47027235856032,-54.61865164057848,1,25 Diciembre,1978,931,Condiciones climáticas,Sin antecedentes
2595419.84827216,3945777.38530153,-67.52271812498142,-54.622304784058315,1,25 Diciembre,1978,931,Condiciones climáticas,Sin antecedentes
2596333.06709675,3946488.97387553,-67.50881877711235,-54.61574119927981,1,25 Diciembre,1978,931,Condiciones climáticas,Sin antecedentes
2593831.8786641,3946440.84775626,-67.54750636354592,-54.61664392507903,1,25 Diciembre,1978,931,Condiciones climáticas,Sin antecedentes
2595106.84187268,3946583.79347411,-67.5278237887436,-54.615121903688284,1,25 Diciembre,1978,931,Condiciones climáticas,Sin antecedentes
2598243.30134801,3946952.94711109,-67.47941625405772,-54.61120692316474,1,25 Diciembre,1978,931,Condiciones climáticas,Sin antecedentes
2590911.85065902,3947616.93574313,-67.59305668695288,-54.606615520940714,1,25 Diciembre,1978,931,Condiciones climáticas,Sin antecedentes
2606253.71192639,3942980.63356814,-67.35404792836593,-54.64525685447022,2,5 y 6 Diciembre,2008,3010,Condiciones climáticas,"Informe Tecnico Incendio La Correntina, El Valdez, Los Cerros y Las Termas_ Diciembre 2008"
2610350.73423424,3946454.71813578,-67.2919206091531,-54.61318290988444,2,5 y 6 Diciembre,2008,3010,Condiciones climáticas,"Informe Tecnico Incendio La Correntina, El Valdez, Los Cerros y Las Termas_ Diciembre 2008"
2611065.33430501,3947026.08874484,-67.2810813418314,-54.60789586325124,2,5 y 6 Diciembre,2008,3010,Condiciones climáticas,"Informe Tecnico Incendio La Correntina, El Valdez, Los Cerros y Las Termas_ Diciembre 2008"
2610545.6715672,3947134.12577968,-67.28916068006211,-54.607039644316046,2,5 y 6 Diciembre,2008,3010,Condiciones climáticas,"Informe Tecnico Incendio La Correntina, El Valdez, Los Cerros y Las Termas_ Diciembre 2008"
2610753.10305994,3947190.11831104,-67.28597312724268,-54.60649147046267,2,5 y 6 Diciembre,2008,3010,Condiciones climáticas,"Informe Tecnico Incendio La Correntina, El Valdez, Los Cerros y Las Termas_ Diciembre 2008"
2611959.54847015,3947753.96502329,-67.26752651714706,-54.60116281460381,2,5 y 6 Diciembre,2008,3010,Condiciones climáticas,"Informe Tecnico Incendio La Correntina, El Valdez, Los Cerros y Las Termas_ Diciembre 2008"
2611199.52395816,3947958.16442965,-67.27935864051713,-54.5994969218085,2,5 y 6 Diciembre,2008,3010,Condiciones climáticas,"Informe Tecnico Incendio La Correntina, El Valdez, Los Cerros y Las Termas_ Diciembre 2008"
2611985.24325721,3948533.15801192,-67.26742624410316,-54.59416050574572,2,5 y 6 Diciembre,2008,3010,Condiciones climáticas,"Informe Tecnico Incendio La Correntina, El Valdez, Los Cerros y Las Termas_ Diciembre 2008"
2609210.77668308,3947564.62856689,-67.30997006298907,-54.60346404242333,2,5 y 6 Diciembre,2008,3010,Condiciones climáticas,"Informe Tecnico Incendio La Correntina, El Valdez, Los Cerros y Las Termas_ Diciembre 2008"
2612143.61404567,3948939.34913788,-67.26513232537958,-54.590478103506044,2,5 y 6 Diciembre,2008,3010,Condiciones climáticas,"Informe Tecnico Incendio La Correntina, El Valdez, Los Cerros y Las Termas_ Diciembre 2008"
2611456.18570099,3948760.94400559,-67.27569383323565,-54.59223197962888,2,5 y 6 Diciembre,2008,3010,Condiciones climáticas,"Informe Tecnico Incendio La Correntina, El Valdez, Los Cerros y Las Termas_ Diciembre 2008"
2647462.0112353,3953163.14428782,-66.72129399071788,-54.54350402840057,2,5 y 6 Diciembre,2008,3010,Condiciones climáticas,"Informe Tecnico Incendio La Correntina, El Valdez, Los Cerros y Las Termas_ Diciembre 2008"
2648675.33967989,3953477.3932997,-66.70271981668236,-54.54032877263615,2,5 y 6 Diciembre,2008,3010,Condiciones climáticas,"Informe Tecnico Incendio La Correntina, El Valdez, Los Cerros y Las Termas_ Diciembre 2008"
2646363.48036442,3953200.65754943,-66.738273311514,-54.54348571984812,2,5 y 6 Diciembre,2008,3010,Condiciones climáticas,"Informe Tecnico Incendio La Correntina, El Valdez, Los Cerros y Las Termas_ Diciembre 2008"
2629393.470746,3954463.7756979,-67.00087344425364,-54.53676243093398,2,5 y 6 Diciembre,2008,3010,Condiciones climáticas,"Informe Tecnico Incendio La Correntina, El Valdez, Los Cerros y Las Termas_ Diciembre 2008"
2653725.87597968,3954684.47659657,-66.62538315676682,-54.52798775667713,2,5 y 6 Diciembre,2008,3010,Condiciones climáticas,"Informe Tecnico Incendio La Correntina, El Valdez, Los Cerros y Las Termas_ Diciembre 2008"
2654581.4754038,3954796.34452875,-66.61223795952424,-54.52672358138525,2,5 y 6 Diciembre,2008,3010,Condiciones climáticas,"Informe Tecnico Incendio La Correntina, El Valdez, Los Cerros y Las Termas_ Diciembre 2008"
2640520.29008738,3955017.27982764,-66.8293595334983,-54.5288315799449,2,5 y 6 Diciembre,2008,3010,Condiciones climáticas,"Informe Tecnico Incendio La Correntina, El Valdez, Los Cerros y Las Termas_ Diciembre 2008"
2634577.75649542,3954991.31430346,-66.9210744914518,-54.53067665576539,2,5 y 6 Diciembre,2008,3010,Condiciones climáticas,"Informe Tecnico Incendio La Correntina, El Valdez, Los Cerros y Las Termas_ Diciembre 2008"
2631372.99978804,3954712.99284293,-66.9704219429399,-54.5340158612849,2,5 y 6 Diciembre,2008,3010,Condiciones climáticas,"Informe Tecnico Incendio La Correntina, El Valdez, Los Cerros y Las Termas_ Diciembre 2008"
2631602.11719111,3955590.4530507,-66.96727635442947,-54.5260787168772,2,5 y 6 Diciembre,2008,3010,Condiciones climáticas,"Informe Tecnico Incendio La Correntina, El Valdez, Los Cerros y Las Termas_ Diciembre 2008"
2635046.10835103,3955637.21530111,-66.91414054676886,-54.524753510395186,2,5 y 6 Diciembre,2008,3010,Condiciones climáticas,"Informe Tecnico Incendio La Correntina, El Valdez, Los Cerros y Las Termas_ Diciembre 2008"
2634807.66928375,3955736.44460572,-66.91786601013487,-54.5239261042919,2,5 y 6 Diciembre,2008,3010,Condiciones climáticas,"Informe Tecnico Incendio La Correntina, El Valdez, Los Cerros y Las Termas_ Diciembre 2008"
2633406.95331377,3955176.17837398,-66.93923137692317,-54.52932639446663,2,5 y 6 Diciembre,2008,3010,Condiciones climáticas,"Informe Tecnico Incendio La Correntina, El Valdez, Los Cerros y Las Termas_ Diciembre 2008"
2641346.7911195,3955463.38533971,-66.81681645407579,-54.524597184928616,2,5 y 6 Diciembre,2008,3010,Condiciones climáticas,"Informe Tecnico Incendio La Correntina, El Valdez, Los Cerros y Las Termas_ Diciembre 2008"
2630385.10113179,3955850.7178112,-66.98617645571717,-54.52405642341651,2,5 y 6 Diciembre,2008,3010,Condiciones climáticas,"Informe Tecnico Incendio La Correntina, El Valdez, Los Cerros y Las Termas_ Diciembre 2008"
2630152.91593512,3955145.80573608,-66.98944909657641,-54.530444760130656,2,5 y 6 Diciembre,2008,3010,Condiciones climáticas,"Informe Tecnico Incendio La Correntina, El Valdez, Los Cerros y Las Termas_ Diciembre 2008"
2652283.35556527,3956311.07046455,-66.64848441196538,-54.51382272957042,2,5 y 6 Diciembre,2008,3010,Condiciones climáticas,"Informe Tecnico Incendio La Correntina, El Valdez, Los Cerros y Las Termas_ Diciembre 2008"
2640461.78350658,3956571.80929655,-66.83100260878314,-54.514892628839306,2,5 y 6 Diciembre,2008,3010,Condiciones climáticas,"Informe Tecnico Incendio La Correntina, El Valdez, Los Cerros y Las Termas_ Diciembre 2008"
2636361.30081632,3956424.23202082,-66.89420554739695,-54.517336184376745,2,5 y 6 Diciembre,2008,3010,Condiciones climáticas,"Informe Tecnico Incendio La Correntina, El Valdez, Los Cerros y Las Termas_ Diciembre 2008"
2640786.48514892,3956785.138687,-66.82609433561336,-54.512887555696075,2,5 y 6 Diciembre,2008,3010,Condiciones climáticas,"Informe Tecnico Incendio La Correntina, El Valdez, Los Cerros y Las Termas_ Diciembre 2008"
2637281.37322,3956178.08649313,-66.87989334455969,-54.519297784020296,2,5 y 6 Diciembre,2008,3010,Condiciones climáticas,"Informe Tecnico Incendio La Correntina, El Valdez, Los Cerros y Las Termas_ Diciembre 2008"
2653386.97498956,3956892.81552195,-66.631760940914,-54.50826862863394,2,5 y 6 Diciembre,2008,3010,Condiciones climáticas,"Informe Tecnico Incendio La Correntina, El Valdez, Los Cerros y Las Termas_ Diciembre 2008"
2651340.95852347,3956953.96283781,-66.66335269757555,-54.508334046971065,2,5 y 6 Diciembre,2008,3010,Condiciones climáticas,"Informe Tecnico Incendio La Correntina, El Valdez, Los Cerros y Las Termas_ Diciembre 2008"
2634315.02652822,3957036.87796425,-66.92606129851916,-54.51238196833096,2,5 y 6 Diciembre,2008,3010,Condiciones climáticas,"Informe Tecnico Incendio La Correntina, El Valdez, Los Cerros y Las Termas_ Diciembre 2008"
2636384.04201189,3957234.5698264,-66.89422900153501,-54.51005528012947,2,5 y 6 Diciembre,2008,3010,Condiciones climáticas,"Informe Tecnico Incendio La Correntina, El Valdez, Los Cerros y Las Termas_ Diciembre 2008"
2646748.92043323,3955685.59797423,-66.73355902005203,-54.52106822874443,2,5 y 6 Diciembre,2008,3010,Condiciones climáticas,"Informe Tecnico Incendio La Correntina, El Valdez, Los Cerros y Las Termas_ Diciembre 2008"
2634991.65155485,3957002.55312473,-66.91560558355464,-54.51251055945643,2,5 y 6 Diciembre,2008,3010,Condiciones climáticas,"Informe Tecnico Incendio La Correntina, El Valdez, Los Cerros y Las Termas_ Diciembre 2008"
2635484.56451673,3956855.44952305,-66.90793266210632,-54.513699812328696,2,5 y 6 Diciembre,2008,3010,Condiciones climáticas,"Informe Tecnico Incendio La Correntina, El Valdez, Los Cerros y Las Termas_ Diciembre 2008"
2633889.97414123,3957294.92803063,-66.93273674762725,-54.5101776116063,2,5 y 6 Diciembre,2008,3010,Condiciones climáticas,"Informe Tecnico Incendio La Correntina, El Valdez, Los Cerros y Las Termas_ Diciembre 2008"
2634478.13001127,3957473.16322984,-66.92374338300954,-54.50842194798899,2,5 y 6 Diciembre,2008,3010,Condiciones climáticas,"Informe Tecnico Incendio La Correntina, El Valdez, Los Cerros y Las Termas_ Diciembre 2008"
2633978.70813615,3957721.84001877,-66.93156137534501,-54.506321502402685,2,5 y 6 Diciembre,2008,3010,Condiciones climáticas,"Informe Tecnico Incendio La Correntina, El Valdez, Los Cerros y Las Termas_ Diciembre 2008"
2634770.86604948,3957673.00908075,-66.9193182294249,-54.506550146268616,2,5 y 6 Diciembre,2008,3010,Condiciones climáticas,"Informe Tecnico Incendio La Correntina, El Valdez, Los Cerros y Las Termas_ Diciembre 2008"
2633010.26384519,3957671.22423788,-66.9464792780571,-54.50703066147935,2,5 y 6 Diciembre,2008,3010,Condiciones climáticas,"Informe Tecnico Incendio La Correntina, El Valdez, Los Cerros y Las Termas_ Diciembre 2008"
2635532.64693903,3957698.90620125,-66.90757790969992,-54.506114786012205,2,5 y 6 Diciembre,2008,3010,Condiciones climáticas,"Informe Tecnico Incendio La Correntina, El Valdez, Los Cerros y Las Termas_ Diciembre 2008"
2634134.57764915,3957859.32438841,-66.92921915622163,-54.505046037447094,2,5 y 6 Diciembre,2008,3010,Condiciones climáticas,"Informe Tecnico Incendio La Correntina, El Valdez, Los Cerros y Las Termas_ Diciembre 2008"
2652409.43261207,3957243.36095508,-66.64702057911863,-54.50541665697416,2,5 y 6 Diciembre,2008,3010,Condiciones climáticas,"Informe Tecnico Incendio La Correntina, El Valdez, Los Cerros y Las Termas_ Diciembre 2008"
2633456.50086666,3957701.44753981,-66.93960849738502,-54.506642172529894,2,5 y 6 Diciembre,2008,3010,Condiciones climáticas,"Informe Tecnico Incendio La Correntina, El Valdez, Los Cerros y Las Termas_ Diciembre 2008"
2636036.74200304,3957806.3836483,-66.89985072406992,-54.505015034319264,2,5 y 6 Diciembre,2008,3010,Condiciones climáticas,"Informe Tecnico Incendio La Correntina, El Valdez, Los Cerros y Las Termas_ Diciembre 2008"
2650346.57752428,3956809.33902647,-66.67861791077378,-54.50992778383937,2,5 y 6 Diciembre,2008,3010,Condiciones climáticas,"Informe Tecnico Incendio La Correntina, El Valdez, Los Cerros y Las Termas_ Diciembre 2008"
2636370.22047726,3958369.6502884,-66.89496632234173,-54.49986881410206,2,5 y 6 Diciembre,2008,3010,Condiciones climáticas,"Informe Tecnico Incendio La Correntina, El Valdez, Los Cerros y Las Termas_ Diciembre 2008"
2636607.52368073,3958211.66576693,-66.89123296905316,-54.50122331258089,2,5 y 6 Diciembre,2008,3010,Condiciones climáticas,"Informe Tecnico Incendio La Correntina, El Valdez, Los Cerros y Las Termas_ Diciembre 2008"
2576507.20583378,3973549.03907764,-67.82263666508,-54.37608683588153,2,5 y 6 Diciembre,2008,3010,Condiciones climáticas,"Informe Tecnico Incendio La Correntina, El Valdez, Los Cerros y Las Termas_ Diciembre 2008"
2574917.66087596,3974001.51610388,-67.84720637127562,-54.372258745662016,2,5 y 6 Diciembre,2008,3010,Condiciones climáticas,"Informe Tecnico Incendio La Correntina, El Valdez, Los Cerros y Las Termas_ Diciembre 2008"
2546761.96444105,3944282.21122035,-68.27569509715657,-54.64258199887064,3,15-31 Enero,2012,1178,Condiciones climáticas,Incendio Tecnico Incendio Bahia Torito_ Enero 2012
2545110.5295567,3945660.76890723,-68.3014846166204,-54.63034907608801,3,15-31 Enero,2012,1178,Condiciones climáticas,Incendio Tecnico Incendio Bahia Torito_ Enero 2012
2543618.95374088,3946981.39483264,-68.3247756496354,-54.618617210156124,3,15-31 Enero,2012,1178,Condiciones climáticas,Incendio Tecnico Incendio Bahia Torito_ Enero 2012
2546537.78024045,3949139.38862425,-68.27993809503076,-54.59897223647083,3,15-31 Enero,2012,1178,Condiciones climáticas,Incendio Tecnico Incendio Bahia Torito_ Enero 2012
2545810.84323165,3946864.30554965,-68.29082957821345,-54.61947504506033,3,15-31 Enero,2012,1178,Condiciones climáticas,Incendio Tecnico Incendio Bahia Torito_ Enero 2012
2546032.6058695,3949317.338179,-68.28778169432262,-54.59741999906563,3,15-31 Enero,2012,1178,Condiciones climáticas,Incendio Tecnico Incendio Bahia Torito_ Enero 2012
2576247.52816295,3968660.80351191,-67.82537808959846,-54.420031071254805,4,13 Febrero,2012,444,Condiciones climáticas,Informe Tecnico Carmen-Corazon de la Isla_ Febrero 2012
2650121.56144446,3967967.09718949,-66.68774436464601,-54.40983908169311,5,31 Enero,2013,108,Condiciones climáticas,Informe Tecnico Incendio La Fueguina_ Enero 2013
2618875.64112922,3960352.74597213,-67.16564839646303,-54.486461404114685,6,23 Noviembre,2019,133,Condiciones climáticas,Informe Tecnico Incendio Aserradero Lenga Patagonia_ Noviembre 2019
2619060.68030445,3960128.13640581,-67.16270426505064,-54.488434820422924,6,23 Noviembre,2019,133,Condiciones climáticas,Informe Tecnico Incendio Aserradero Lenga Patagonia_ Noviembre 2019
2618986.86814283,3960491.59416659,-67.16398891821756,-54.485188642006314,6,23 Noviembre,2019,133,Condiciones climáticas,Informe Tecnico Incendio Aserradero Lenga Patagonia_ Noviembre 2019
2619053.96241823,3960579.03131837,-67.16298942069622,-54.48438782281239,6,23 Noviembre,2019,133,Condiciones climáticas,Informe Tecnico Incendio Aserradero Lenga Patagonia_ Noviembre 2019
2618500.85462467,3960852.67717612,-67.17162872819468,-54.482060101599856,6,23 Noviembre,2019,133,Condiciones climáticas,Informe Tecnico Incendio Aserradero Lenga Patagonia_ Noviembre 2019
2618453.12892454,3961330.38333572,-67.17255597705098,-54.477781896017106,6,23 Noviembre,2019,133,Condiciones climáticas,Informe Tecnico Incendio Aserradero Lenga Patagonia_ Noviembre 2019
2618842.0281964,3961335.01355268,-67.16656146615534,-54.477649494676264,6,23 Noviembre,2019,133,Condiciones climáticas,Informe Tecnico Incendio Aserradero Lenga Patagonia_ Noviembre 2019
2618977.22170355,3961727.02378394,-67.16463458494181,-54.474097992751524,6,23 Noviembre,2019,133,Condiciones climáticas,Informe Tecnico Incendio Aserradero Lenga Patagonia_ Noviembre 2019
2618203.78818011,3962041.73076493,-67.17668470180364,-54.471452743110774,6,23 Noviembre,2019,133,Condiciones climáticas,Informe Tecnico Incendio Aserradero Lenga Patagonia_ Noviembre 2019
2618962.66846368,3962361.79737049,-67.16511410882573,-54.46840176538489,6,23 Noviembre,2019,133,Condiciones climáticas,Informe Tecnico Incendio Aserradero Lenga Patagonia_ Noviembre 2019
2618660.18620722,3962549.7803133,-67.16985231937407,-54.46678457758634,6,23 Noviembre,2019,133,Condiciones climáticas,Informe Tecnico Incendio Aserradero Lenga Patagonia_ Noviembre 2019
2592451.12201083,3947303.04195542,-67.56914436195827,-54.609155360772995,0,Sin determinar,0,4098,Sin determinar,"Actualizacion del Ordenamiento Territorial de Bosques Nativos (OTBN, Dec. Prov. 1916/22)"
2539126.27920248,3987185.51151317,-68.39962304124884,-54.25782474840578,0,Sin determinar,0,4098,Sin determinar,"Actualizacion del Ordenamiento Territorial de Bosques Nativos (OTBN, Dec. Prov. 1916/22)"
2620476.57140107,3914227.1135375,-67.12192446685255,-54.90022331260414,0,Sin determinar,0,4098,Sin determinar,"Actualizacion del Ordenamiento Territorial de Bosques Nativos (OTBN, Dec. Prov. 1916/22)"
2620552.4895495,3914608.27708068,-67.12090110164087,-54.896782880230006,0,Sin determinar,0,4098,Sin determinar,"Actualizacion del Ordenamiento Territorial de Bosques Nativos (OTBN, Dec. Prov. 1916/22)"
2617762.27710701,3915410.87632371,-67.16469585948217,-54.89024146618368,0,Sin determinar,0,4098,Sin determinar,"Actualizacion del Ordenamiento Territorial de Bosques Nativos (OTBN, Dec. Prov. 1916/22)"
2614057.99050083,3915826.80111845,-67.22255954246023,-54.887365122942846,0,Sin determinar,0,4098,Sin determinar,"Actualizacion del Ordenamiento Territorial de Bosques Nativos (OTBN, Dec. Prov. 1916/22)"
2612153.65051369,3917294.99310767,-67.25279120639287,-54.87461291232547,0,Sin determinar,0,4098,Sin determinar,"Actualizacion del Ordenamiento Territorial de Bosques Nativos (OTBN, Dec. Prov. 1916/22)"
2606313.27818291,3918197.32521347,-67.34406540208133,-54.86778493002885,0,Sin determinar,0,4098,Sin determinar,"Actualizacion del Ordenamiento Territorial de Bosques Nativos (OTBN, Dec. Prov. 1916/22)"
2601992.9376678,3918236.74908128,-67.41134350655942,-54.868329497784956,0,Sin determinar,0,4098,Sin determinar,"Actualizacion del Ordenamiento Territorial de Bosques Nativos (OTBN, Dec. Prov. 1916/22)"
2606440.64339684,3919052.03097374,-67.34239739869963,-54.86008324359279,0,Sin determinar,0,4098,Sin determinar,"Actualizacion del Ordenamiento Territorial de Bosques Nativos (OTBN, Dec. Prov. 1916/22)"
2606445.37772838,3918415.46098115,-67.34208916786287,-54.86579817016122,0,Sin determinar,0,4098,Sin determinar,"Actualizacion del Ordenamiento Territorial de Bosques Nativos (OTBN, Dec. Prov. 1916/22)"
2608161.25028675,3918611.2613029,-67.31545012984782,-54.863672414263895,0,Sin determinar,0,4098,Sin determinar,"Actualizacion del Ordenamiento Territorial de Bosques Nativos (OTBN, Dec. Prov. 1916/22)"
2607017.9180993,3918895.50325361,-67.33335373450383,-54.86136574425605,0,Sin determinar,0,4098,Sin determinar,"Actualizacion del Ordenamiento Territorial de Bosques Nativos (OTBN, Dec. Prov. 1916/22)"
2609384.35077296,3919418.25227309,-67.29671583043383,-54.85616076674854,0,Sin determinar,0,4098,Sin determinar,"Actualizacion del Ordenamiento Territorial de Bosques Nativos (OTBN, Dec. Prov. 1916/22)"
2609265.47542771,3917318.61067032,-67.29777178287469,-54.8750395184248,0,Sin determinar,0,4098,Sin determinar,"Actualizacion del Ordenamiento Territorial de Bosques Nativos (OTBN, Dec. Prov. 1916/22)"
2608981.34743042,3917378.86069417,-67.30221874258476,-54.87456045969036,0,Sin determinar,0,4098,Sin determinar,"Actualizacion del Ordenamiento Territorial de Bosques Nativos (OTBN, Dec. Prov. 1916/22)"
2609717.5720303,3918034.04457536,-67.29100397107999,-54.868516750527284,0,Sin determinar,0,4098,Sin determinar,"Actualizacion del Ordenamiento Territorial de Bosques Nativos (OTBN, Dec. Prov. 1916/22)"
2607036.23804203,3918113.34545425,-67.33277875126821,-54.86838499904228,0,Sin determinar,0,4098,Sin determinar,"Actualizacion del Ordenamiento Territorial de Bosques Nativos (OTBN, Dec. Prov. 1916/22)"
2608598.68899664,3917374.3864039,-67.30817546008042,-54.87468378508362,0,Sin determinar,0,4098,Sin determinar,"Actualizacion del Ordenamiento Territorial de Bosques Nativos (OTBN, Dec. Prov. 1916/22)"
2609099.61063841,3917613.96887277,-67.30046610474241,-54.87242365189932,0,Sin determinar,0,4098,Sin determinar,"Actualizacion del Ordenamiento Territorial de Bosques Nativos (OTBN, Dec. Prov. 1916/22)"
2608254.8060198,3917700.81560941,-67.31365250833971,-54.87182721294492,0,Sin determinar,0,4098,Sin determinar,"Actualizacion del Ordenamiento Territorial de Bosques Nativos (OTBN, Dec. Prov. 1916/22)"
2609024.91553457,3917846.60120064,-67.30171695571893,-54.870351100409856,0,Sin determinar,0,4098,Sin determinar,"Actualizacion del Ordenamiento Territorial de Bosques Nativos (OTBN, Dec. Prov. 1916/22)"
2609503.7554183,3918514.18681284,-67.29451482695669,-54.86425233433133,0,Sin determinar,0,4098,Sin determinar,"Actualizacion del Ordenamiento Territorial de Bosques Nativos (OTBN, Dec. Prov. 1916/22)"
2527004.57615381,3926170.43482172,-68.58002987197041,-54.8067233144332,0,Sin determinar,0,4098,Sin determinar,"Actualizacion del Ordenamiento Territorial de Bosques Nativos (OTBN, Dec. Prov. 1916/22)"
2526754.14081768,3926663.05633438,-68.58396993927207,-54.80231156730418,0,Sin determinar,0,4098,Sin determinar,"Actualizacion del Ordenamiento Territorial de Bosques Nativos (OTBN, Dec. Prov. 1916/22)"
2555919.49901642,3924387.59466927,-68.13004908448357,-54.820348186864,0,Sin determinar,0,4098,Sin determinar,"Actualizacion del Ordenamiento Territorial de Bosques Nativos (OTBN, Dec. Prov. 1916/22)"
2605229.11981391,3921644.99988028,-67.36219945281182,-54.837055971547365,0,Sin determinar,0,4098,Sin determinar,"Actualizacion del Ordenamiento Territorial de Bosques Nativos (OTBN, Dec. Prov. 1916/22)"
2578102.35817314,3942765.89025399,-67.78994938418975,-54.65232568560662,0,Sin determinar,0,4098,Sin determinar,"Actualizacion del Ordenamiento Territorial de Bosques Nativos (OTBN, Dec. Prov. 1916/22)"
2577644.18261412,3942502.27458573,-67.79697627711495,-54.65476400201745,0,Sin determinar,0,4098,Sin determinar,"Actualizacion del Ordenamiento Territorial de Bosques Nativos (OTBN, Dec. Prov. 1916/22)"
2578085.0887549,3942950.88049924,-67.79026622863147,-54.650666896862525,0,Sin determinar,0,4098,Sin determinar,"Actualizacion del Ordenamiento Territorial de Bosques Nativos (OTBN, Dec. Prov. 1916/22)"
2597325.47306676,3945206.4096398,-67.49303707840248,-54.6270688679658,0,Sin determinar,0,4098,Sin determinar,"Actualizacion del Ordenamiento Territorial de Bosques Nativos (OTBN, Dec. Prov. 1916/22)"
2596971.66709777,3926121.7887242,-67.49216640093344,-54.7985197475481,0,Sin determinar,0,4098,Sin determinar,"Actualizacion del Ordenamiento Territorial de Bosques Nativos (OTBN, Dec. Prov. 1916/22)"
2550745.03571607,3927282.30858308,-68.21104706777238,-54.7948972712316,0,Sin determinar,0,4098,Sin determinar,"Actualizacion del Ordenamiento Territorial de Bosques Nativos (OTBN, Dec. Prov. 1916/22)"
2598504.19387059,3919915.41504516,-67.4662349069543,-54.8539538238601,0,Sin determinar,0,4098,Sin determinar,"Actualizacion del Ordenamiento Territorial de Bosques Nativos (OTBN, Dec. Prov. 1916/22)"
2610569.4539169,3919459.76049118,-67.27828703548568,-54.85552791567518,0,Sin determinar,0,4098,Sin determinar,"Actualizacion del Ordenamiento Territorial de Bosques Nativos (OTBN, Dec. Prov. 1916/22)"
2607386.1251924,3919506.45375575,-67.32784919129254,-54.855801088405286,0,Sin determinar,0,4098,Sin determinar,"Actualizacion del Ordenamiento Territorial de Bosques Nativos (OTBN, Dec. Prov. 1916/22)"
2606344.09983642,3920822.10734119,-67.34455128583824,-54.84420971415162,0,Sin determinar,0,4098,Sin determinar,"Actualizacion del Ordenamiento Territorial de Bosques Nativos (OTBN, Dec. Prov. 1916/22)"
2598794.56573968,3920903.54597908,-67.46205308797308,-54.845023421385115,0,Sin determinar,0,4098,Sin determinar,"Actualizacion del Ordenamiento Territorial de Bosques Nativos (OTBN, Dec. Prov. 1916/22)"
2606797.87327798,3921079.22359409,-67.33758566684597,-54.841804512047915,0,Sin determinar,0,4098,Sin determinar,"Actualizacion del Ordenamiento Territorial de Bosques Nativos (OTBN, Dec. Prov. 1916/22)"
2605087.55718816,3921219.43501057,-67.3642471871884,-54.840906983444405,0,Sin determinar,0,4098,Sin determinar,"Actualizacion del Ordenamiento Territorial de Bosques Nativos (OTBN, Dec. Prov. 1916/22)"
2607957.28563418,3921419.25361406,-67.3196737394551,-54.83850295057079,0,Sin determinar,0,4098,Sin determinar,"Actualizacion del Ordenamiento Territorial de Bosques Nativos (OTBN, Dec. Prov. 1916/22)"
2596342.65841336,3946479.04536869,-67.50866710391401,-54.615828532644294,0,Sin determinar,0,4098,Sin determinar,"Actualizacion del Ordenamiento Territorial de Bosques Nativos (OTBN, Dec. Prov. 1916/22)"
2590961.55669612,3947089.70146145,-67.59212427404232,-54.61134151155344,0,Sin determinar,0,4098,Sin determinar,"Actualizacion del Ordenamiento Territorial de Bosques Nativos (OTBN, Dec. Prov. 1916/22)"
2629096.27899205,3953148.04066959,-67.00488553588036,-54.5486509492485,0,Sin determinar,0,4098,Sin determinar,"Actualizacion del Ordenamiento Territorial de Bosques Nativos (OTBN, Dec. Prov. 1916/22)"
2649493.6467185,3956392.25803678,-66.69156426572867,-54.5139235966242,0,Sin determinar,0,4098,Sin determinar,"Actualizacion del Ordenamiento Territorial de Bosques Nativos (OTBN, Dec. Prov. 1916/22)"
2629463.03970138,3953098.23350086,-66.99919938188035,-54.54900454596191,0,Sin determinar,0,4098,Sin determinar,"Actualizacion del Ordenamiento Territorial de Bosques Nativos (OTBN, Dec. Prov. 1916/22)"
2629319.49019971,3953100.61648103,-67.00141743120503,-54.54901980795991,0,Sin determinar,0,4098,Sin determinar,"Actualizacion del Ordenamiento Territorial de Bosques Nativos (OTBN, Dec. Prov. 1916/22)"
2634182.00855881,3958461.40042926,-66.9287609245967,-54.49962824519495,0,Sin determinar,0,4098,Sin determinar,"Actualizacion del Ordenamiento Territorial de Bosques Nativos (OTBN, Dec. Prov. 1916/22)"
2633715.86384941,3958726.17886625,-66.93607099178068,-54.49737413511082,0,Sin determinar,0,4098,Sin determinar,"Actualizacion del Ordenamiento Territorial de Bosques Nativos (OTBN, Dec. Prov. 1916/22)"
2633459.16326746,3958920.40596695,-66.94011808752808,-54.49569795695274,0,Sin determinar,0,4098,Sin determinar,"Actualizacion del Ordenamiento Territorial de Bosques Nativos (OTBN, Dec. Prov. 1916/22)"
2630864.75205375,3959589.52812482,-66.9804300472304,-54.490365950607966,0,Sin determinar,0,4098,Sin determinar,"Actualizacion del Ordenamiento Territorial de Bosques Nativos (OTBN, Dec. Prov. 1916/22)"
2633743.40832594,3959712.72948498,-66.93609254176887,-54.488509875360904,0,Sin determinar,0,4098,Sin determinar,"Actualizacion del Ordenamiento Territorial de Bosques Nativos (OTBN, Dec. Prov. 1916/22)"
2633239.39032103,3959179.79507809,-66.9436246978449,-54.493426939822626,0,Sin determinar,0,4098,Sin determinar,"Actualizacion del Ordenamiento Territorial de Bosques Nativos (OTBN, Dec. Prov. 1916/22)"
2599885.70109901,3947647.44310297,-67.4542421848721,-54.60464840157256,0,Sin determinar,0,4098,Sin determinar,"Actualizacion del Ordenamiento Territorial de Bosques Nativos (OTBN, Dec. Prov. 1916/22)"
2590302.65296722,3948041.34197947,-67.60261201495051,-54.60291321107339,0,Sin determinar,0,4098,Sin determinar,"Actualizacion del Ordenamiento Territorial de Bosques Nativos (OTBN, Dec. Prov. 1916/22)"
2595529.60832534,3947468.40503298,-67.52157012838107,-54.607098000366854,0,Sin determinar,0,4098,Sin determinar,"Actualizacion del Ordenamiento Territorial de Bosques Nativos (OTBN, Dec. Prov. 1916/22)"
2594321.89922884,3947705.0698086,-67.5403300846293,-54.605199382557664,0,Sin determinar,0,4098,Sin determinar,"Actualizacion del Ordenamiento Territorial de Bosques Nativos (OTBN, Dec. Prov. 1916/22)"
2592318.12995191,3948250.53632135,-67.57149995026806,-54.6006705760265,0,Sin determinar,0,4098,Sin determinar,"Actualizacion del Ordenamiento Territorial de Bosques Nativos (OTBN, Dec. Prov. 1916/22)"
2635228.22046977,3960429.14747796,-66.91352351446127,-54.481684931944876,0,Sin determinar,0,4098,Sin determinar,"Actualizacion del Ordenamiento Territorial de Bosques Nativos (OTBN, Dec. Prov. 1916/22)"
2634404.18856725,3960266.24049128,-66.92615445637442,-54.483366165911605,0,Sin determinar,0,4098,Sin determinar,"Actualizacion del Ordenamiento Territorial de Bosques Nativos (OTBN, Dec. Prov. 1916/22)"
2632890.71434366,3960662.10342746,-66.94966842371447,-54.48021039915145,0,Sin determinar,0,4098,Sin determinar,"Actualizacion del Ordenamiento Territorial de Bosques Nativos (OTBN, Dec. Prov. 1916/22)"
2633574.42072921,3960625.92687425,-66.93911093021306,-54.480355867253174,0,Sin determinar,0,4098,Sin determinar,"Actualizacion del Ordenamiento Territorial de Bosques Nativos (OTBN, Dec. Prov. 1916/22)"
2634348.09377527,3960641.20765981,-66.9271896822505,-54.48001465714313,0,Sin determinar,0,4098,Sin determinar,"Actualizacion del Ordenamiento Territorial de Bosques Nativos (OTBN, Dec. Prov. 1916/22)"
2633889.88491859,3960694.02178652,-66.93427802995635,-54.479661479231694,0,Sin determinar,0,4098,Sin determinar,"Actualizacion del Ordenamiento Territorial de Bosques Nativos (OTBN, Dec. Prov. 1916/22)"
2634588.50615751,3960736.09829795,-66.92352631328522,-54.47909911969206,0,Sin determinar,0,4098,Sin determinar,"Actualizacion del Ordenamiento Territorial de Bosques Nativos (OTBN, Dec. Prov. 1916/22)"
2583165.25038161,3962287.85847953,-67.71704794696515,-54.476185929047354,0,Sin determinar,0,4098,Sin determinar,"Actualizacion del Ordenamiento Territorial de Bosques Nativos (OTBN, Dec. Prov. 1916/22)"
2627705.0170941,3962532.1822664,-67.03043050364315,-54.46475042455489,0,Sin determinar,0,4098,Sin determinar,"Actualizacion del Ordenamiento Territorial de Bosques Nativos (OTBN, Dec. Prov. 1916/22)"
2583815.83759096,3962928.06598567,-67.7071957986923,-54.47032909822161,0,Sin determinar,0,4098,Sin determinar,"Actualizacion del Ordenamiento Territorial de Bosques Nativos (OTBN, Dec. Prov. 1916/22)"
2585133.64531104,3962832.56825185,-67.68684788280079,-54.47096770872643,0,Sin determinar,0,4098,Sin determinar,"Actualizacion del Ordenamiento Territorial de Bosques Nativos (OTBN, Dec. Prov. 1916/22)"
2584156.97836318,3962795.91960877,-67.7018978431848,-54.47145956028264,0,Sin determinar,0,4098,Sin determinar,"Actualizacion del Ordenamiento Territorial de Bosques Nativos (OTBN, Dec. Prov. 1916/22)"
2584754.54579311,3962905.78718351,-67.69271461686162,-54.47037348465661,0,Sin determinar,0,4098,Sin determinar,"Actualizacion del Ordenamiento Territorial de Bosques Nativos (OTBN, Dec. Prov. 1916/22)"
2599185.55492093,3963262.57970782,-67.47032651062756,-54.46455752721061,0,Sin determinar,0,4098,Sin determinar,"Actualizacion del Ordenamiento Territorial de Bosques Nativos (OTBN, Dec. Prov. 1916/22)"
2594811.59342213,3965011.48201964,-67.53831814200767,-54.44968592134832,0,Sin determinar,0,4098,Sin determinar,"Actualizacion del Ordenamiento Territorial de Bosques Nativos (OTBN, Dec. Prov. 1916/22)"
2596141.03885726,3965453.87433755,-67.51797353506552,-54.44546334958807,0,Sin determinar,0,4098,Sin determinar,"Actualizacion del Ordenamiento Territorial de Bosques Nativos (OTBN, Dec. Prov. 1916/22)"
2595564.83565183,3965481.94129908,-67.5268615664346,-54.44531988222416,0,Sin determinar,0,4098,Sin determinar,"Actualizacion del Ordenamiento Territorial de Bosques Nativos (OTBN, Dec. Prov. 1916/22)"
2595765.26169645,3965520.2254819,-67.5237854892735,-54.44493836599228,0,Sin determinar,0,4098,Sin determinar,"Actualizacion del Ordenamiento Territorial de Bosques Nativos (OTBN, Dec. Prov. 1916/22)"
2594331.49835869,3965597.87697311,-67.5459036082353,-54.44450893614883,0,Sin determinar,0,4098,Sin determinar,"Actualizacion del Ordenamiento Territorial de Bosques Nativos (OTBN, Dec. Prov. 1916/22)"
2598008.00665974,3965676.66802658,-67.48927862930157,-54.4431062088582,0,Sin determinar,0,4098,Sin determinar,"Actualizacion del Ordenamiento Territorial de Bosques Nativos (OTBN, Dec. Prov. 1916/22)"
2573898.64711588,3966315.56507171,-67.86097126362452,-54.44144216680955,0,Sin determinar,0,4098,Sin determinar,"Actualizacion del Ordenamiento Territorial de Bosques Nativos (OTBN, Dec. Prov. 1916/22)"
2589771.71816486,3965942.70498118,-67.61627260090745,-54.4422372813849,0,Sin determinar,0,4098,Sin determinar,"Actualizacion del Ordenamiento Territorial de Bosques Nativos (OTBN, Dec. Prov. 1916/22)"
2596273.42927316,3966089.03275304,-67.51613973593128,-54.439734175868466,0,Sin determinar,0,4098,Sin determinar,"Actualizacion del Ordenamiento Territorial de Bosques Nativos (OTBN, Dec. Prov. 1916/22)"
2594686.87032341,3965837.60991949,-67.5405041753516,-54.44228992362353,0,Sin determinar,0,4098,Sin determinar,"Actualizacion del Ordenamiento Territorial de Bosques Nativos (OTBN, Dec. Prov. 1916/22)"
2633659.71529353,3959936.41059636,-66.93748426660545,-54.48652375305251,0,Sin determinar,0,4098,Sin determinar,"Actualizacion del Ordenamiento Territorial de Bosques Nativos (OTBN, Dec. Prov. 1916/22)"
2599176.55007391,3946067.45760542,-67.46467803925204,-54.618976543601924,0,Sin determinar,0,4098,Sin determinar,"Actualizacion del Ordenamiento Territorial de Bosques Nativos (OTBN, Dec. Prov. 1916/22)"
2593387.24717774,3946149.43411702,-67.5542939195223,-54.61934332685445,0,Sin determinar,0,4098,Sin determinar,"Actualizacion del Ordenamiento Territorial de Bosques Nativos (OTBN, Dec. Prov. 1916/22)"
2596870.14403414,3946315.61266458,-67.50045103082383,-54.617195389400294,0,Sin determinar,0,4098,Sin determinar,"Actualizacion del Ordenamiento Territorial de Bosques Nativos (OTBN, Dec. Prov. 1916/22)"
2595510.86830801,3945706.930197,-67.52128653148063,-54.62292030292884,0,Sin determinar,0,4098,Sin determinar,"Actualizacion del Ordenamiento Territorial de Bosques Nativos (OTBN, Dec. Prov. 1916/22)"
2595208.3766109,3946509.26766183,-67.52622850245491,-54.615772061811654,0,Sin determinar,0,4098,Sin determinar,"Actualizacion del Ordenamiento Territorial de Bosques Nativos (OTBN, Dec. Prov. 1916/22)"
2596652.63534746,3946355.36044539,-67.50382988503516,-54.61688008360341,0,Sin determinar,0,4098,Sin determinar,"Actualizacion del Ordenamiento Territorial de Bosques Nativos (OTBN, Dec. Prov. 1916/22)"
2597903.86788468,3946854.11624666,-67.48463489429665,-54.61216030204775,0,Sin determinar,0,4098,Sin determinar,"Actualizacion del Ordenamiento Territorial de Bosques Nativos (OTBN, Dec. Prov. 1916/22)"
2608328.82243722,3967459.86199543,-67.33091333030495,-54.42500013053463,0,Sin determinar,0,4098,Sin determinar,"Actualizacion del Ordenamiento Territorial de Bosques Nativos (OTBN, Dec. Prov. 1916/22)"
2578408.89951122,3967697.31306193,-67.79183489767968,-54.42835652598274,0,Sin determinar,0,4098,Sin determinar,"Actualizacion del Ordenamiento Territorial de Bosques Nativos (OTBN, Dec. Prov. 1916/22)"
2587338.58775547,3969938.03474097,-67.65494060509334,-54.40677800443924,0,Sin determinar,0,4098,Sin determinar,"Actualizacion del Ordenamiento Territorial de Bosques Nativos (OTBN, Dec. Prov. 1916/22)"
2549120.98885562,3970082.52977798,-68.24345631135682,-54.4106003381752,0,Sin determinar,0,4098,Sin determinar,"Actualizacion del Ordenamiento Territorial de Bosques Nativos (OTBN, Dec. Prov. 1916/22)"
2553673.29335068,3971799.28041176,-68.17366116654657,-54.39471967244349,0,Sin determinar,0,4098,Sin determinar,"Actualizacion del Ordenamiento Territorial de Bosques Nativos (OTBN, Dec. Prov. 1916/22)"
2586269.62565072,3970895.20685606,-67.67167609323305,-54.39836353890577,0,Sin determinar,0,4098,Sin determinar,"Actualizacion del Ordenamiento Territorial de Bosques Nativos (OTBN, Dec. Prov. 1916/22)"
2585466.05391139,3970956.27727983,-67.68406289673298,-54.39795047951966,0,Sin determinar,0,4098,Sin determinar,"Actualizacion del Ordenamiento Territorial de Bosques Nativos (OTBN, Dec. Prov. 1916/22)"
2585678.16514476,3970309.40468882,-67.68061146789653,-54.403724634549825,0,Sin determinar,0,4098,Sin determinar,"Actualizacion del Ordenamiento Territorial de Bosques Nativos (OTBN, Dec. Prov. 1916/22)"
2568257.49973563,3973006.48989648,-67.94944123955734,-54.382131287235524,0,Sin determinar,0,4098,Sin determinar,"Actualizacion del Ordenamiento Territorial de Bosques Nativos (OTBN, Dec. Prov. 1916/22)"
2565995.90655183,3973376.01141616,-67.98432545944516,-54.37910993106336,0,Sin determinar,0,4098,Sin determinar,"Actualizacion del Ordenamiento Territorial de Bosques Nativos (OTBN, Dec. Prov. 1916/22)"
2566292.74226021,3973779.99960557,-67.97984794791209,-54.37544266413523,0,Sin determinar,0,4098,Sin determinar,"Actualizacion del Ordenamiento Territorial de Bosques Nativos (OTBN, Dec. Prov. 1916/22)"
2565866.98807559,3975417.26423219,-67.98676068394704,-54.36079133467015,0,Sin determinar,0,4098,Sin determinar,"Actualizacion del Ordenamiento Territorial de Bosques Nativos (OTBN, Dec. Prov. 1916/22)"
2593670.33585189,3975961.82784599,-67.5593573155359,-54.351553767714016,0,Sin determinar,0,4098,Sin determinar,"Actualizacion del Ordenamiento Territorial de Bosques Nativos (OTBN, Dec. Prov. 1916/22)"
2566202.36433385,3974228.37657438,-67.98133819902162,-54.371426931839565,0,Sin determinar,0,4098,Sin determinar,"Actualizacion del Ordenamiento Territorial de Bosques Nativos (OTBN, Dec. Prov. 1916/22)"
2566764.99979759,3974216.88143028,-67.97267983324195,-54.371456834898275,0,Sin determinar,0,4098,Sin determinar,"Actualizacion del Ordenamiento Territorial de Bosques Nativos (OTBN, Dec. Prov. 1916/22)"
2566455.41991603,3974269.28498162,-67.97745422562325,-54.37102656517316,0,Sin determinar,0,4098,Sin determinar,"Actualizacion del Ordenamiento Territorial de Bosques Nativos (OTBN, Dec. Prov. 1916/22)"
2567683.45395318,3973063.88159072,-67.95828787196803,-54.381692321209464,0,Sin determinar,0,4098,Sin determinar,"Actualizacion del Ordenamiento Territorial de Bosques Nativos (OTBN, Dec. Prov. 1916/22)"
2568815.38817055,3973297.66421898,-67.94092366917036,-54.379440890920314,0,Sin determinar,0,4098,Sin determinar,"Actualizacion del Ordenamiento Territorial de Bosques Nativos (OTBN, Dec. Prov. 1916/22)"
2568664.33822994,3973307.94017944,-67.94325027668191,-54.37936895635062,0,Sin determinar,0,4098,Sin determinar,"Actualizacion del Ordenamiento Territorial de Bosques Nativos (OTBN, Dec. Prov. 1916/22)"
2568406.70386106,3973135.78627507,-67.947174974911,-54.38094991705189,0,Sin determinar,0,4098,Sin determinar,"Actualizacion del Ordenamiento Territorial de Bosques Nativos (OTBN, Dec. Prov. 1916/22)"
2568617.76840617,3973211.0361308,-67.94394451174321,-54.38024564038808,0,Sin determinar,0,4098,Sin determinar,"Actualizacion del Ordenamiento Territorial de Bosques Nativos (OTBN, Dec. Prov. 1916/22)"
2567753.41177108,3973365.58769325,-67.95728004373193,-54.378973024648424,0,Sin determinar,0,4098,Sin determinar,"Actualizacion del Ordenamiento Territorial de Bosques Nativos (OTBN, Dec. Prov. 1916/22)"
2576697.60931419,3972007.41923753,-67.81930986513625,-54.38990481209687,0,Sin determinar,0,4098,Sin determinar,"Actualizacion del Ordenamiento Territorial de Bosques Nativos (OTBN, Dec. Prov. 1916/22)"
2568521.4610289,3972320.60384381,-67.94522136657531,-54.3882566546757,0,Sin determinar,0,4098,Sin determinar,"Actualizacion del Ordenamiento Territorial de Bosques Nativos (OTBN, Dec. Prov. 1916/22)"
2568422.36212906,3972687.31300896,-67.94683089776377,-54.38497610513725,0,Sin determinar,0,4098,Sin determinar,"Actualizacion del Ordenamiento Territorial de Bosques Nativos (OTBN, Dec. Prov. 1916/22)"
2567141.0939535,3976489.54714023,-67.96740602676108,-54.35099364901386,0,Sin determinar,0,4098,Sin determinar,"Actualizacion del Ordenamiento Territorial de Bosques Nativos (OTBN, Dec. Prov. 1916/22)"
2566436.62307129,3976861.14511625,-67.97832129584319,-54.34774801285708,0,Sin determinar,0,4098,Sin determinar,"Actualizacion del Ordenamiento Territorial de Bosques Nativos (OTBN, Dec. Prov. 1916/22)"
2594240.37027647,3977787.83315796,-67.55117025874246,-54.335049597474104,0,Sin determinar,0,4098,Sin determinar,"Actualizacion del Ordenamiento Territorial de Bosques Nativos (OTBN, Dec. Prov. 1916/22)"
2593902.80853923,3976608.50795463,-67.55598681504912,-54.34570324961927,0,Sin determinar,0,4098,Sin determinar,"Actualizacion del Ordenamiento Territorial de Bosques Nativos (OTBN, Dec. Prov. 1916/22)"
2572327.69302767,3978244.08070494,-67.88808041206642,-54.33452553833289,0,Sin determinar,0,4098,Sin determinar,"Actualizacion del Ordenamiento Territorial de Bosques Nativos (OTBN, Dec. Prov. 1916/22)"
2570693.69581713,3978642.98313999,-67.91328986397532,-54.331171334438984,0,Sin determinar,0,4098,Sin determinar,"Actualizacion del Ordenamiento Territorial de Bosques Nativos (OTBN, Dec. Prov. 1916/22)"
2590633.27706275,3978370.91158848,-67.60678342667511,-54.3304658138343,0,Sin determinar,0,4098,Sin determinar,"Actualizacion del Ordenamiento Territorial de Bosques Nativos (OTBN, Dec. Prov. 1916/22)"
2572250.6977884,3978469.42972577,-67.88931839666179,-54.33251232314231,0,Sin determinar,0,4098,Sin determinar,"Actualizacion del Ordenamiento Territorial de Bosques Nativos (OTBN, Dec. Prov. 1916/22)"
2570868.43074438,3978273.44836971,-67.91051661240938,-54.33446635206888,0,Sin determinar,0,4098,Sin determinar,"Actualizacion del Ordenamiento Territorial de Bosques Nativos (OTBN, Dec. Prov. 1916/22)"
2590726.39311723,3978640.40272215,-67.605434416115,-54.32802893747391,0,Sin determinar,0,4098,Sin determinar,"Actualizacion del Ordenamiento Territorial de Bosques Nativos (OTBN, Dec. Prov. 1916/22)"
2593139.63488802,3979822.51836637,-67.56872151916419,-54.316977985596765,0,Sin determinar,0,4098,Sin determinar,"Actualizacion del Ordenamiento Territorial de Bosques Nativos (OTBN, Dec. Prov. 1916/22)"
2591916.36067057,3980003.33665402,-67.58756886135967,-54.31557553713552,0,Sin determinar,0,4098,Sin determinar,"Actualizacion del Ordenamiento Territorial de Bosques Nativos (OTBN, Dec. Prov. 1916/22)"
2572272.51400588,3979552.63996062,-67.8892453175346,-54.32277968984621,0,Sin determinar,0,4098,Sin determinar,"Actualizacion del Ordenamiento Territorial de Bosques Nativos (OTBN, Dec. Prov. 1916/22)"
2585381.13198311,3979557.05358482,-67.68783451652823,-54.32071752801792,0,Sin determinar,0,4098,Sin determinar,"Actualizacion del Ordenamiento Territorial de Bosques Nativos (OTBN, Dec. Prov. 1916/22)"
2534115.04342131,3980265.60658381,-68.47572570690924,-54.320348171157555,0,Sin determinar,0,4098,Sin determinar,"Actualizacion del Ordenamiento Territorial de Bosques Nativos (OTBN, Dec. Prov. 1916/22)"
2588070.13121164,3980320.49017822,-67.64674671270261,-54.31340441432638,0,Sin determinar,0,4098,Sin determinar,"Actualizacion del Ordenamiento Territorial de Bosques Nativos (OTBN, Dec. Prov. 1916/22)"
2587450.1387105,3980663.54618284,-67.65637076852464,-54.31042976290728,0,Sin determinar,0,4098,Sin determinar,"Actualizacion del Ordenamiento Territorial de Bosques Nativos (OTBN, Dec. Prov. 1916/22)"
2539644.43828575,3980886.26098281,-68.39083820374474,-54.314373488748956,0,Sin determinar,0,4098,Sin determinar,"Actualizacion del Ordenamiento Territorial de Bosques Nativos (OTBN, Dec. Prov. 1916/22)"
2588123.1733817,3981121.2582722,-67.64616804031319,-54.30620329507171,0,Sin determinar,0,4098,Sin determinar,"Actualizacion del Ordenamiento Territorial de Bosques Nativos (OTBN, Dec. Prov. 1916/22)"
2564583.97078456,3981297.27223082,-68.00776671512165,-54.30813837585885,0,Sin determinar,0,4098,Sin determinar,"Actualizacion del Ordenamiento Territorial de Bosques Nativos (OTBN, Dec. Prov. 1916/22)"
2564568.84045525,3981523.82118096,-68.0080480669472,-54.30610530835457,0,Sin determinar,0,4098,Sin determinar,"Actualizacion del Ordenamiento Territorial de Bosques Nativos (OTBN, Dec. Prov. 1916/22)"
2564802.38586442,3981101.78101417,-68.004369278428,-54.30986673234133,0,Sin determinar,0,4098,Sin determinar,"Actualizacion del Ordenamiento Territorial de Bosques Nativos (OTBN, Dec. Prov. 1916/22)"
2568078.77975757,3978982.56771162,-67.95355648103723,-54.32847633828303,0,Sin determinar,0,4098,Sin determinar,"Actualizacion del Ordenamiento Territorial de Bosques Nativos (OTBN, Dec. Prov. 1916/22)"
2572675.14390867,3978836.69088569,-67.88288434142123,-54.329153315944424,0,Sin determinar,0,4098,Sin determinar,"Actualizacion del Ordenamiento Territorial de Bosques Nativos (OTBN, Dec. Prov. 1916/22)"
2590910.63759433,3978709.4239683,-67.60262432222417,-54.32737628843039,0,Sin determinar,0,4098,Sin determinar,"Actualizacion del Ordenamiento Territorial de Bosques Nativos (OTBN, Dec. Prov. 1916/22)"
2572953.78504627,3978678.74457209,-67.87856355410626,-54.33053228298964,0,Sin determinar,0,4098,Sin determinar,"Actualizacion del Ordenamiento Territorial de Bosques Nativos (OTBN, Dec. Prov. 1916/22)"
2573219.86598066,3978759.2190863,-67.8744940030426,-54.329771376990635,0,Sin determinar,0,4098,Sin determinar,"Actualizacion del Ordenamiento Territorial de Bosques Nativos (OTBN, Dec. Prov. 1916/22)"
2572292.97669243,3979020.34506171,-67.88880201762119,-54.327557943721104,0,Sin determinar,0,4098,Sin determinar,"Actualizacion del Ordenamiento Territorial de Bosques Nativos (OTBN, Dec. Prov. 1916/22)"
2591144.28701494,3979155.79169242,-67.59917036377414,-54.32332575740789,0,Sin determinar,0,4098,Sin determinar,"Actualizacion del Ordenamiento Territorial de Bosques Nativos (OTBN, Dec. Prov. 1916/22)"
2572933.43867986,3979194.69224967,-67.87900229658155,-54.32590089089785,0,Sin determinar,0,4098,Sin determinar,"Actualizacion del Ordenamiento Territorial de Bosques Nativos (OTBN, Dec. Prov. 1916/22)"
2572248.29506061,3979239.0069666,-67.88954157783112,-54.32560021309826,0,Sin determinar,0,4098,Sin determinar,"Actualizacion del Ordenamiento Territorial de Bosques Nativos (OTBN, Dec. Prov. 1916/22)"
2567734.90464643,3982684.02466617,-67.95968022728621,-54.29527419823201,0,Sin determinar,0,4098,Sin determinar,"Actualizacion del Ordenamiento Territorial de Bosques Nativos (OTBN, Dec. Prov. 1916/22)"
2551520.74842188,3983658.68924643,-68.20884593699368,-54.288409400323935,0,Sin determinar,0,4098,Sin determinar,"Actualizacion del Ordenamiento Territorial de Bosques Nativos (OTBN, Dec. Prov. 1916/22)"
2551836.9758472,3983757.2134765,-68.20400752252922,-54.28749240603825,0,Sin determinar,0,4098,Sin determinar,"Actualizacion del Ordenamiento Territorial de Bosques Nativos (OTBN, Dec. Prov. 1916/22)"
2551959.49426378,3983758.31124783,-68.20212656006548,-54.28747011438134,0,Sin determinar,0,4098,Sin determinar,"Actualizacion del Ordenamiento Territorial de Bosques Nativos (OTBN, Dec. Prov. 1916/22)"
2551593.48628597,3984096.719047,-68.2078045997575,-54.284467232863285,0,Sin determinar,0,4098,Sin determinar,"Actualizacion del Ordenamiento Territorial de Bosques Nativos (OTBN, Dec. Prov. 1916/22)"
2551983.77767089,3984352.23943775,-68.20185685978645,-54.28213237717954,0,Sin determinar,0,4098,Sin determinar,"Actualizacion del Ordenamiento Territorial de Bosques Nativos (OTBN, Dec. Prov. 1916/22)"
2532951.59193924,3986388.34694562,-68.4942790244753,-54.2654207027636,0,Sin determinar,0,4098,Sin determinar,"Actualizacion del Ordenamiento Territorial de Bosques Nativos (OTBN, Dec. Prov. 1916/22)"
2546489.82740252,3986501.75218888,-68.28653524790653,-54.263351560679475,0,Sin determinar,0,4098,Sin determinar,"Actualizacion del Ordenamiento Territorial de Bosques Nativos (OTBN, Dec. Prov. 1916/22)"
2546496.42020117,3986196.61407008,-68.28638673715653,-54.26609208704642,0,Sin determinar,0,4098,Sin determinar,"Actualizacion del Ordenamiento Territorial de Bosques Nativos (OTBN, Dec. Prov. 1916/22)"
2600043.43158245,3985366.07699944,-67.46452496260287,-54.26588826466227,0,Sin determinar,0,4098,Sin determinar,"Actualizacion del Ordenamiento Territorial de Bosques Nativos (OTBN, Dec. Prov. 1916/22)"
2601180.83530527,3985629.302414,-67.44716391146194,-54.26330081291996,0,Sin determinar,0,4098,Sin determinar,"Actualizacion del Ordenamiento Territorial de Bosques Nativos (OTBN, Dec. Prov. 1916/22)"
2601531.90720118,3984856.52846092,-67.44151634092889,-54.2701712869521,0,Sin determinar,0,4098,Sin determinar,"Actualizacion del Ordenamiento Territorial de Bosques Nativos (OTBN, Dec. Prov. 1916/22)"
2601167.46908777,3984873.27309159,-67.447113730926,-54.27009306620646,0,Sin determinar,0,4098,Sin determinar,"Actualizacion del Ordenamiento Territorial de Bosques Nativos (OTBN, Dec. Prov. 1916/22)"
2602351.7345637,3985109.55106936,-67.42902388549588,-54.26773573976201,0,Sin determinar,0,4098,Sin determinar,"Actualizacion del Ordenamiento Territorial de Bosques Nativos (OTBN, Dec. Prov. 1916/22)"
2628425.16716092,3988493.9393238,-67.0305119591019,-54.231472417590574,0,Sin determinar,0,4098,Sin determinar,"Actualizacion del Ordenamiento Territorial de Bosques Nativos (OTBN, Dec. Prov. 1916/22)"
2602570.39595902,3989491.23442269,-67.4271671259886,-54.22834200995461,0,Sin determinar,0,4098,Sin determinar,"Actualizacion del Ordenamiento Territorial de Bosques Nativos (OTBN, Dec. Prov. 1916/22)"
2599375.07443711,3988846.60060501,-67.47593197004281,-54.23476067555183,0,Sin determinar,0,4098,Sin determinar,"Actualizacion del Ordenamiento Territorial de Bosques Nativos (OTBN, Dec. Prov. 1916/22)"
2548118.30242288,3988992.66576577,-68.26194544470087,-54.240824730928765,0,Sin determinar,0,4098,Sin determinar,"Actualizacion del Ordenamiento Territorial de Bosques Nativos (OTBN, Dec. Prov. 1916/22)"
2549494.51015738,3988276.19670859,-68.24072055643575,-54.24712980792268,0,Sin determinar,0,4098,Sin determinar,"Actualizacion del Ordenamiento Territorial de Bosques Nativos (OTBN, Dec. Prov. 1916/22)"
2540138.92181393,3988302.12329482,-68.38423487497668,-54.247715378551305,0,Sin determinar,0,4098,Sin determinar,"Actualizacion del Ordenamiento Territorial de Bosques Nativos (OTBN, Dec. Prov. 1916/22)"
2549817.55794649,3988267.88534705,-68.23576388965381,-54.24717315692734,0,Sin determinar,0,4098,Sin determinar,"Actualizacion del Ordenamiento Territorial de Bosques Nativos (OTBN, Dec. Prov. 1916/22)"
2541123.29588129,3988639.43377199,-68.36918097535029,-54.24460710474458,0,Sin determinar,0,4098,Sin determinar,"Actualizacion del Ordenamiento Territorial de Bosques Nativos (OTBN, Dec. Prov. 1916/22)"
2538635.90288514,3988654.34087175,-68.40733642654533,-54.24466680657942,0,Sin determinar,0,4098,Sin determinar,"Actualizacion del Ordenamiento Territorial de Bosques Nativos (OTBN, Dec. Prov. 1916/22)"
2548729.05989776,3988714.96458078,-68.25253322791343,-54.24326165587152,0,Sin determinar,0,4098,Sin determinar,"Actualizacion del Ordenamiento Territorial de Bosques Nativos (OTBN, Dec. Prov. 1916/22)"
2602711.34293023,3986749.14289417,-67.42406837844626,-54.25293931393981,0,Sin determinar,0,4098,Sin determinar,"Actualizacion del Ordenamiento Territorial de Bosques Nativos (OTBN, Dec. Prov. 1916/22)"
2599814.74023305,3986314.62542781,-67.46834939267359,-54.25741425830371,0,Sin determinar,0,4098,Sin determinar,"Actualizacion del Ordenamiento Territorial de Bosques Nativos (OTBN, Dec. Prov. 1916/22)"
2552620.57114331,3987110.81847905,-68.19256530124035,-54.25728689876142,0,Sin determinar,0,4098,Sin determinar,"Actualizacion del Ordenamiento Territorial de Bosques Nativos (OTBN, Dec. Prov. 1916/22)"
2538353.41934562,3987412.12988115,-68.41151055291272,-54.25584739934116,0,Sin determinar,0,4098,Sin determinar,"Actualizacion del Ordenamiento Territorial de Bosques Nativos (OTBN, Dec. Prov. 1916/22)"
2607400.16576584,3991490.19079009,-67.35385393874019,-54.20940179323308,0,Sin determinar,0,4098,Sin determinar,"Actualizacion del Ordenamiento Territorial de Bosques Nativos (OTBN, Dec. Prov. 1916/22)"
2552804.21529168,3992038.98500554,-68.19061444853102,-54.21299792621032,0,Sin determinar,0,4098,Sin determinar,"Actualizacion del Ordenamiento Territorial de Bosques Nativos (OTBN, Dec. Prov. 1916/22)"
2552992.81594658,3992243.26350393,-68.1877598951605,-54.21114342145365,0,Sin determinar,0,4098,Sin determinar,"Actualizacion del Ordenamiento Territorial de Bosques Nativos (OTBN, Dec. Prov. 1916/22)"
2610874.61874849,3992876.34533596,-67.30113657094161,-54.19621492325255,0,Sin determinar,0,4098,Sin determinar,"Actualizacion del Ordenamiento Territorial de Bosques Nativos (OTBN, Dec. Prov. 1916/22)"
2610055.6409737,3992300.36110786,-67.3134685732659,-54.20156359208876,0,Sin determinar,0,4098,Sin determinar,"Actualizacion del Ordenamiento Territorial de Bosques Nativos (OTBN, Dec. Prov. 1916/22)"
2610521.46573274,3992667.16736665,-67.30646828019547,-54.198169525964964,0,Sin determinar,0,4098,Sin determinar,"Actualizacion del Ordenamiento Territorial de Bosques Nativos (OTBN, Dec. Prov. 1916/22)"
2552025.52532732,3992682.68096968,-68.2026603310996,-54.20729509103087,0,Sin determinar,0,4098,Sin determinar,"Actualizacion del Ordenamiento Territorial de Bosques Nativos (OTBN, Dec. Prov. 1916/22)"
2553752.51580577,3992747.02085511,-68.17620706834707,-54.20653908400826,0,Sin determinar,0,4098,Sin determinar,"Actualizacion del Ordenamiento Territorial de Bosques Nativos (OTBN, Dec. Prov. 1916/22)"
2610480.0250624,3992783.16816956,-67.30714555902969,-54.19713674918902,0,Sin determinar,0,4098,Sin determinar,"Actualizacion del Ordenamiento Territorial de Bosques Nativos (OTBN, Dec. Prov. 1916/22)"
2611297.611557,3993418.24281455,-67.29485884357605,-54.19125711156869,0,Sin determinar,0,4098,Sin determinar,"Actualizacion del Ordenamiento Territorial de Bosques Nativos (OTBN, Dec. Prov. 1916/22)"
2549530.92012291,3994002.01690833,-68.24110589225495,-54.195690101566555,0,Sin determinar,0,4098,Sin determinar,"Actualizacion del Ordenamiento Territorial de Bosques Nativos (OTBN, Dec. Prov. 1916/22)"
2550657.27117637,3993612.34797886,-68.22378450007392,-54.199080641928546,0,Sin determinar,0,4098,Sin determinar,"Actualizacion del Ordenamiento Territorial de Bosques Nativos (OTBN, Dec. Prov. 1916/22)"
2603573.59564125,3993845.3746469,-67.41328995107911,-54.18903770937258,0,Sin determinar,0,4098,Sin determinar,"Actualizacion del Ordenamiento Territorial de Bosques Nativos (OTBN, Dec. Prov. 1916/22)"
2547675.45512607,3995640.82375984,-68.26979152266067,-54.181143902018526,0,Sin determinar,0,4098,Sin determinar,"Actualizacion del Ordenamiento Territorial de Bosques Nativos (OTBN, Dec. Prov. 1916/22)"
2535373.67722035,4004493.50664204,-68.45923468968546,-54.10260876751893,0,Sin determinar,0,4098,Sin determinar,"Actualizacion del Ordenamiento Territorial de Bosques Nativos (OTBN, Dec. Prov. 1916/22)"
2535956.66959373,4004676.04834176,-68.45034448971214,-54.10092848315496,0,Sin determinar,0,4098,Sin determinar,"Actualizacion del Ordenamiento Territorial de Bosques Nativos (OTBN, Dec. Prov. 1916/22)"
2530980.16801878,4005021.12843229,-68.52645053326933,-54.098151726255026,0,Sin determinar,0,4098,Sin determinar,"Actualizacion del Ordenamiento Territorial de Bosques Nativos (OTBN, Dec. Prov. 1916/22)"
2535225.31142296,4006520.78730255,-68.46173849773537,-54.08440628428639,0,Sin determinar,0,4098,Sin determinar,"Actualizacion del Ordenamiento Territorial de Bosques Nativos (OTBN, Dec. Prov. 1916/22)"
2526146.30419747,4007059.70152041,-68.60051268678977,-54.080105309392216,0,Sin determinar,0,4098,Sin determinar,"Actualizacion del Ordenamiento Territorial de Bosques Nativos (OTBN, Dec. Prov. 1916/22)"
2535773.7407563,4011441.06679401,-68.45393877088314,-54.04016560116856,0,Sin determinar,0,4098,Sin determinar,"Actualizacion del Ordenamiento Territorial de Bosques Nativos (OTBN, Dec. Prov. 1916/22)"
2541420.55265074,3993653.02344668,-68.36531259561491,-54.199543894989084,0,Sin determinar,0,4098,Sin determinar,"Actualizacion del Ordenamiento Territorial de Bosques Nativos (OTBN, Dec. Prov. 1916/22)"
2540414.24616085,3994058.73292142,-68.38078571755108,-54.195979441041,0,Sin determinar,0,4098,Sin determinar,"Actualizacion del Ordenamiento Territorial de Bosques Nativos (OTBN, Dec. Prov. 1916/22)"
2542609.76791902,3993426.01099848,-68.34705938149749,-54.20148588237666,0,Sin determinar,0,4098,Sin determinar,"Actualizacion del Ordenamiento Territorial de Bosques Nativos (OTBN, Dec. Prov. 1916/22)"
2553086.52158824,3993063.00570689,-68.18646849631662,-54.2037699029237,0,Sin determinar,0,4098,Sin determinar,"Actualizacion del Ordenamiento Territorial de Bosques Nativos (OTBN, Dec. Prov. 1916/22)"
2609526.71501044,3992952.98673418,-67.32180770440077,-54.19581606573931,0,Sin determinar,0,4098,Sin determinar,"Actualizacion del Ordenamiento Territorial de Bosques Nativos (OTBN, Dec. Prov. 1916/22)"
2552306.65092807,3993423.91609635,-68.19848117800944,-54.20060788982614,0,Sin determinar,0,4098,Sin determinar,"Actualizacion del Ordenamiento Territorial de Bosques Nativos (OTBN, Dec. Prov. 1916/22)"
2543792.20249472,3990969.43456231,-68.3285836008514,-54.223454707924525,0,Sin determinar,0,4098,Sin determinar,"Actualizacion del Ordenamiento Territorial de Bosques Nativos (OTBN, Dec. Prov. 1916/22)"
2544356.09042576,3991096.11229761,-68.31995751452264,-54.22226824495509,0,Sin determinar,0,4098,Sin determinar,"Actualizacion del Ordenamiento Territorial de Bosques Nativos (OTBN, Dec. Prov. 1916/22)"
2600177.17669266,3991223.58041767,-67.46442791366684,-54.21325745920532,0,Sin determinar,0,4098,Sin determinar,"Actualizacion del Ordenamiento Territorial de Bosques Nativos (OTBN, Dec. Prov. 1916/22)"
2597147.89488777,3966356.96031728,-67.50275446734442,-54.4371617836744,0,Sin determinar,0,4098,Sin determinar,"Actualizacion del Ordenamiento Territorial de Bosques Nativos (OTBN, Dec. Prov. 1916/22)"
2594942.00328175,3966315.63237876,-67.53672605683272,-54.437949376492284,0,Sin determinar,0,4098,Sin determinar,"Actualizacion del Ordenamiento Territorial de Bosques Nativos (OTBN, Dec. Prov. 1916/22)"
2594263.407199,3966563.00923252,-67.54725966633303,-54.43585392803242,0,Sin determinar,0,4098,Sin determinar,"Actualizacion del Ordenamiento Territorial de Bosques Nativos (OTBN, Dec. Prov. 1916/22)"
2596746.76841501,3966591.22994846,-67.50901073207518,-54.43513433355842,0,Sin determinar,0,4098,Sin determinar,"Actualizacion del Ordenamiento Territorial de Bosques Nativos (OTBN, Dec. Prov. 1916/22)"
